X,Y,Nome,Municipio,Codigo,Estado,Categoria,Operadora,icon_url
-67.815927,-9.953252,AEROPORTO INTERNACIONAL DE RIO BRANCO,RIO BRANCO,SBRB,AC,Internacional,INFRAERO,./0.png
-72.613344,-7.71786,AEROPORTO INTERNACIONAL DE CRUZEIRO DO SUL,CRUZEIRO DO SUL,SBCZ,AC,Internacional,INFRAERO,./0.png
-69.838437,-4.18835,AEROPORTO INTERNACIONAL DE TABATINGA,TABATINGA,SBTT,AM,Internacional,INFRAERO,./0.png
-57.140765,-29.823101,AEROPORTO INTERNACIONAL RUBEM BERTA,URUGUAIANA,SBUG,RS,Internacional,INFRAERO,./0.png
-55.541756,-30.861438,SANTANA DO LIVRAMENTO,SANTANA DO LIVRAMENTO,Não Informado,RS,Doméstico,NÃO INFORMADA,./0.png
-55.066194,-30.270149,ROSARIO DO SUL,ROSARIO DO SUL,Não Informado,RS,Doméstico,NÃO INFORMADA,./0.png
-54.151244,-31.886462,ACEGUA,BAGE,Não Informado,RS,Doméstico,NÃO INFORMADA,./0.png
-54.057647,-31.344078,AEROPORTO COMANDANTE GUSTAVO KRAEMER,BAGÉ,SBBG,RS,Doméstico,INFRAERO,./0.png
-53.780186,-29.737337,SANTA MARIA,SANTA MARIA,Não Informado,RS,Doméstico,NÃO INFORMADA,./0.png
-52.161302,-32.073854,AEROPORTO DE ARACAJU,RIO GRANDE DO SUL,Não Informado,RS,Doméstico,INFRAERO,./0.png
-52.386817,-31.783078,AEROPORTO DE PELOTAS,PELOTAS,SBPK,RS,Doméstico,INFRAERO,./0.png
-51.171402,-29.993337,AEROPORTO INTERNACIONAL SALGADO FILHO,PORTO ALEGRE,SBPA,RS,Internacional,INFRAERO,./0.png
-54.242638,-28.26023,SANTO ANGELO,SANTO ANGELO,Não Informado,RS,Doméstico,NÃO INFORMADA,./0.png
-52.776315,-28.322632,CARAZINHO,CARAZINHO,Não Informado,RS,Doméstico,NÃO INFORMADA,./0.png
-54.45861,-25.662068,AEROPORTO DE FOZ DO IGUAÇU,FOZ DO IGUAÇÚ,SBFI,PR,Internacional,INFRAERO,./0.png
-52.652677,-27.185848,CHAPECO,CHAPECO,Não Informado,SC,Doméstico,NÃO INFORMADA,./0.png
-51.531997,-29.118675,BENTO GONCALVES,BENTO GONCALVES,Não Informado,RS,Doméstico,NÃO INFORMADA,./0.png
-52.428216,-28.244284,PASSO FUNDO,PASSO FUNDO,Não Informado,RS,Doméstico,NÃO INFORMADA,./0.png
-51.185885,-29.180115,CAXIAS DO SUL,CAXIAS DO SUL,Não Informado,RS,Doméstico,NÃO INFORMADA,./0.png
-50.349904,-27.809385,LAGES,LAGES,Não Informado,SC,Doméstico,NÃO INFORMADA,./0.png
-52.420529,-26.87052,XANXERE,XANXERE,Não Informado,SC,Doméstico,NÃO INFORMADA,./0.png
-55.692751,-22.508488,AEROPORTO INTERNACIONAL DE PONTA PORÃ,PONTA PORÃ,SBPP,MS,Internacional,INFRAERO,./0.png
-55.052059,-22.198398,DOURADOS,DOURADOS,Não Informado,MS,Doméstico,NÃO INFORMADA,./0.png
-57.662816,-18.937982,AEROPORTO INTERNACIONAL DE CORUMBÁ,CORUMBÁ,SBCR,MS,Internacional,INFRAERO,./0.png
-54.633335,-20.430974,AEROPORTO INTERNACIONAL DE CAMPO GRANDE,CAMPO GRANDE,SBCG,MS,Internacional,INFRAERO,./0.png
-53.745838,-24.737976,TOLEDO,TOLEDO,Não Informado,PR,Doméstico,NÃO INFORMADA,./0.png
-54.26536,-24.099403,GUAIRA,GUAIRA,Não Informado,PR,Doméstico,NÃO INFORMADA,./0.png
-53.434958,-24.94621,CASCAVEL,CASCAVEL,Não Informado,PR,Doméstico,NÃO INFORMADA,./0.png
-52.973056,-22.525278,ROSANA,ROSANA,Não Informado,SP,Doméstico,NÃO INFORMADA,./0.png
-51.942499,-23.423364,MARINGA,MARINGA,Não Informado,PR,Doméstico,NÃO INFORMADA,./0.png
-51.150787,-23.31969,AEROPORTO DE LONDRINA,LONDRINA,SBLO,PR,Doméstico,INFRAERO,./0.png
-52.230556,-22.539444,TEODORO SAMPAIO,TEODORO SAMPAIO,Não Informado,SP,Doméstico,TDSAM,./0.png
-52.255278,-22.288333,TEODORO SAMPAIO,TEODORO SAMPAIO,Não Informado,SP,Doméstico,NÃO INFORMADA,./0.png
-52.304167,-22.141667,PRESIDENTE EPITACIO,PRESIDENTE EPITÁCIO,Não Informado,SP,Doméstico,NÃO INFORMADA,./0.png
-51.529722,-22.482222,NARANDIBA,NARANDIBA,Não Informado,SP,Doméstico,NÃO INFORMADA,./0.png
-51.41758,-22.151921,PRESIDENTE PRUDENTE,PRESIDENTE PRUDENTE,Não Informado,SP,Doméstico,NÃO INFORMADA,./0.png
-51.451111,-22.100556,ALVARES MACHADO,ÁLVARES MACHADO,Não Informado,SP,Doméstico,NÃO INFORMADA,./0.png
-52.1625,-21.87,PRESIDENTE BERNARDES,PRESIDENTE EPITÁCIO,Não Informado,SP,Doméstico,PRBER,./0.png
-52.143611,-21.775,PRESIDENTE EPITÁCIO,PRESIDENTE EPITÁCIO,Não Informado,SP,Doméstico,DAESP,./0.png
-51.849277,-21.773633,PRESIDENTE VENCESLAU,PRESIDENTE VENCESLAU,Não Informado,SP,Doméstico,PRVEN,./0.png
-51.598889,-21.995556,PRESIDENTE BERNARDES,PRESIDENTE BERNARDES,Não Informado,SP,Doméstico,PRBER,./0.png
-51.606111,-21.460556,DRACENA,DRACENA,Não Informado,SP,Doméstico,DAESP,./0.png
-51.598333,-21.3925,TUPI PAULISTA,TUPI PAULISTA,Não Informado,SP,Doméstico,TUPPT,./0.png
-51.405556,-21.053889,ANDRADINA,ANDRADINA,Não Informado,SP,Doméstico,NÃO INFORMADA,./0.png
-51.235556,-22.279444,REGENTE FEIJÓ,REGENTE FEIJÓ,Não Informado,SP,Doméstico,NÃO INFORMADA,./0.png
-50.965,-22.161389,RANCHARIA,RANCHARIA,Não Informado,SP,Doméstico,NÃO INFORMADA,./0.png
-50.865278,-22.181389,RANCHARIA,RANCHARIA,Não Informado,SP,Doméstico,NÃO INFORMADA,./0.png
-50.481265,-22.655102,ASSIS,ASSIS,Não Informado,SP,Doméstico,NÃO INFORMADA,./0.png
-50.640278,-22.288056,QUATÁ,QUATÁ,Não Informado,SP,Doméstico,NÃO INFORMADA,./0.png
-50.585833,-22.404167,PARAGUAÇU PAULISTA,PARAGUAÇU PAULISTA,Não Informado,SP,Doméstico,PARPT,./0.png
-50.373056,-22.198889,LUTÉCIA,LUTÉCIA,Não Informado,SP,Doméstico,NÃO INFORMADA,./0.png
-51.186389,-21.898889,CAIABU,CAIABU,Não Informado,SP,Doméstico,NÃO INFORMADA,./0.png
-51.095833,-21.695556,ADAMANTINA,ADAMANTINA,Não Informado,SP,Doméstico,ADAMA,./0.png
-51.017778,-21.748889,LUCÉLIA,LUCÉLIA,Não Informado,SP,Doméstico,LUCEL,./0.png
-51.295556,-21.276944,MIRANDOPOLIS,MIRANDOPÓLIS,Não Informado,SP,Doméstico,NÃO INFORMADA,./0.png
-51.146111,-21.077778,MIRANDOPÓLIS,MIRANDOPÓLIS,Não Informado,SP,Doméstico,NÃO INFORMADA,./0.png
-50.808333,-21.630833,OSVALDO CRUZ,OSVALDO CRUZ,Não Informado,SP,Doméstico,NÃO INFORMADA,./0.png
-50.505278,-21.889444,TUPÃ,TUPÃ,Não Informado,SP,Doméstico,DAESP,./0.png
-50.733889,-21.494722,GUARARAPES,GUARARAPES,Não Informado,SP,Doméstico,NÃO INFORMADA,./0.png
-50.6525,-21.2625,GUARARAPES,GUARARAPES,Não Informado,SP,Doméstico,GUARA,./0.png
-50.499515,-21.126088,ARAÇATUBA,ARAÇATUBA,Não Informado,SP,Doméstico,NÃO INFORMADA,./0.png
-50.405,-21.215833,ARAÇATUBA,ARAÇATUBA,Não Informado,SP,Doméstico,NÃO INFORMADA,./0.png
-51.918347,-20.822142,CASTILHO / URUBUPUNGA,TRÊS LAGOAS,SBUP,SP,Doméstico,DAESP,./0.png
-51.561389,-20.775556,CASTILHO / URUBUPUNGA,CASTILHO,Não Informado,SP,Doméstico,DAESP,./0.png
-51.383333,-20.925278,ANDRADINA,ANDRADINA,Não Informado,SP,Doméstico,DAESP,./0.png
-51.388889,-20.705,ANDRADINA,ANDRADINA,Não Informado,SP,Doméstico,NÃO INFORMADA,./0.png
-51.008333,-20.828611,PEREIRA BARRETO,PEREIRA BARRETO,Não Informado,SP,Doméstico,NÃO INFORMADA,./0.png
-50.856389,-20.764444,SUD MENUCCI,SUD MENNUCCI,Não Informado,SP,Doméstico,NÃO INFORMADA,./0.png
-51.331111,-20.422778,PEREIRA BARRETO,ILHA SOLTEIRA,Não Informado,SP,Doméstico,NÃO INFORMADA,./0.png
-50.742778,-20.926944,ARAÇATUBA,ARAÇATUBA,Não Informado,SP,Doméstico,NÃO INFORMADA,./0.png
-50.787222,-20.846667,ARAÇATUBA,SANTO ANTÔNIO DO ARACANGUÁ,Não Informado,SP,Doméstico,NÃO INFORMADA,./0.png
-50.548611,-20.258889,JALES,JALES,Não Informado,SP,Doméstico,JALES,./0.png
-50.839581,-17.761224,RIO VERDE,RIO VERDE,Não Informado,GO,Doméstico,NÃO INFORMADA,./0.png
-63.888061,-8.827901,AEROPORTO DE PORTO VELHO,PORTO VELHO,SBPV,RO,Doméstico,INFRAERO,./0.png
-60.15935,-12.745251,VILHENA,VILHENA,Não Informado,RO,Doméstico,NÃO INFORMADA,./0.png
-61.80128,-10.779774,JI-PARANA,JI-PARANA,Não Informado,RO,Doméstico,NÃO INFORMADA,./0.png
-59.23315,-11.432062,JUINA,JUINA,Não Informado,MT,Doméstico,NÃO INFORMADA,./0.png
-59.414462,-10.216989,ARIPUANA,ARIPUANA,Não Informado,MT,Doméstico,NÃO INFORMADA,./0.png
-66.600624,-4.796386,CARAUARI,CARAUARI,Não Informado,AM,Doméstico,NÃO INFORMADA,./0.png
-64.762169,-7.190409,LABREA,LABREA,Não Informado,AM,Doméstico,NÃO INFORMADA,./0.png
-67.100336,-0.221612,ICANA,SÃO GABRIEL DA CACHOEIRA,Não Informado,AM,Doméstico,NÃO INFORMADA,./0.png
-64.850947,-3.558866,AEROPORTO DE TEFÉ,TEFÉ,SBTF,AM,Doméstico,INFRAERO,./0.png
-61.476528,-6.022056,MANICORE,MANICORE,Não Informado,AM,Doméstico,NÃO INFORMADA,./0.png
-59.876031,-4.539615,BORBA,BORBA,Não Informado,AM,Doméstico,NÃO INFORMADA,./0.png
-60.022657,-3.075122,AEROPORTO INTERNACIONAL EDUARDO GOMES,MANAUS,SBEG,AM,Internacional,INFRAERO,./0.png
-56.150141,-15.656222,AEROPORTO INTERNACIONAL MARECHAL RONDON,VÁRZEA GRANDE,Não Informado,MT,Internacional,INFRAERO,./0.png
-54.572754,-16.391112,RONDONÓPOLIS,RONDONÓPOLIS,Não Informado,MT,Doméstico,NÃO INFORMADA,./0.png
-57.566353,-11.083902,JURUA,JUARA,Não Informado,MT,Doméstico,NÃO INFORMADA,./0.png
-58.520446,-10.332286,JURUENA,NOVA BANDEIRANTES,Não Informado,MT,Doméstico,NÃO INFORMADA,./0.png
-56.047467,-9.957502,ALTA FLORESTA,ALTA FLORESTA,Não Informado,MT,Doméstico,NÃO INFORMADA,./0.png
-54.886488,-10.115198,NATUPA,MATUPA,Não Informado,MT,Doméstico,NÃO INFORMADA,./0.png
-52.193045,-15.516616,ARAGARÇAS,BARRA DO GARCAS,Não Informado,MT,Doméstico,NÃO INFORMADA,./0.png
-50.930218,-11.676465,SÃO FELIX,FORMOSO DO ARAGUAIA,Não Informado,MT,Doméstico,NÃO INFORMADA,./0.png
-56.757463,-5.030894,ITAIATUBA,ITAIATUBA,Não Informado,PA,Doméstico,NÃO INFORMADA,./0.png
-57.67544,-3.412986,MAUES,MAUES,Não Informado,AM,Doméstico,NÃO INFORMADA,./0.png
-56.849362,-1.575917,TROMBETAS,ORIXIMINA,Não Informado,PA,Doméstico,NÃO INFORMADA,./0.png
-56.56952,-2.597882,PARINTINS,PARINTINS,Não Informado,AM,Doméstico,NÃO INFORMADA,./0.png
-54.69921,-2.548142,AEROPORTO DE SANTARÉM,SANTARÉM,SBSN,PA,Internacional,INFRAERO,./0.png
-52.306683,-7.10347,SÃO FELIX DO XINGU,SÃO FELIX DO XINGU,Não Informado,PA,Doméstico,NÃO INFORMADA,./0.png
-51.617845,-6.876142,TUCUMÃ,TUCUMÃ,Não Informado,PA,Doméstico,NÃO INFORMADA,./0.png
-52.233621,-3.167213,AEROPORTO DE ALTAMIRA,ALTAMIRA,SBHT,PA,Doméstico,INFRAERO,./0.png
-50.513757,-1.574657,BREVES,BREVES,Não Informado,PA,Doméstico,NÃO INFORMADA,./0.png
-49.353423,-28.733623,CRICIUMA,CRISCIUMA,Não Informado,SC,Doméstico,NÃO INFORMADA,./0.png
-48.998694,-28.472914,TUBARÃO,TUBARAO,Não Informado,SC,Doméstico,NÃO INFORMADA,./0.png
-48.44983,-27.627605,AEROPORTO INTERNACIONAL DE FLORIANÓPOLIS,FLORIANÓPOLIS,SBFL,SC,Internacional,INFRAERO,./0.png
-48.827686,-26.28537,AEROPORTO DE JOINVILLE,JOINVILLE,SBJV,SC,Doméstico,INFRAERO,./0.png
-48.683049,-26.869688,AEROPORTO DE NAVEGANTES,NAVEGANTES,SBNF,SC,Doméstico,INFRAERO,./0.png
-49.178218,-25.545406,AEROPORTO INTERNACIONAL DE AFONSO PENA,SÃO  JOSÉ DOS PINHAIS,SBCT,PR,Internacional,INFRAERO,./0.png
-49.231878,-25.404703,AEROPORTO DE BACACHERI,CURITIBA,SBBI,PR,Doméstico,INFRAERO,./0.png
-48.504053,-25.552516,PARANAGUA,PARANAGUA,Não Informado,PR,Doméstico,NÃO INFORMADA,./0.png
-50.169697,-25.070594,PONTA GROSSA,PONTA GROSSA,Não Informado,PR,Doméstico,NÃO INFORMADA,./0.png
-49.327778,-24.148611,ITARARÉ,ITARARÉ,Não Informado,SP,Doméstico,ITARA,./0.png
-48.641667,-24.197778,RIBEIRÃO BRANCO,RIBEIRÃO BRANCO,Não Informado,SP,Doméstico,NÃO INFORMADA,./0.png
-48.516111,-24.273611,GUAPIARA,GUAPIARA,Não Informado,SP,Doméstico,NÃO INFORMADA,./0.png
-49.0875,-23.683889,ITABERA,ITAÍ,Não Informado,SP,Doméstico,NÃO INFORMADA,./0.png
-48.882778,-23.941667,ITAPEVA,ITAPEVA,Não Informado,SP,Doméstico,ITAPE,./0.png
-48.819167,-23.921111,ITAPEVA,ITAPEVA,Não Informado,SP,Doméstico,NÃO INFORMADA,./0.png
-49.0725,-23.308333,ITAÍ,ITAÍ,Não Informado,SP,Doméstico,NÃO INFORMADA,./0.png
-49.081111,-23.141111,ARANDU,ARANDU,Não Informado,SP,Doméstico,NÃO INFORMADA,./0.png
-48.965092,-23.10237,AVARÉ-ARANDU,AVARÉ,Não Informado,SP,Doméstico,DAESP,./0.png
-48.813333,-23.295,PARANAPANEMA,PARANAPANEMA,Não Informado,SP,Doméstico,NÃO INFORMADA,./0.png
-48.684722,-23.888611,ITAPEVA,TAQUARIVAÍ,Não Informado,SP,Doméstico,NÃO INFORMADA,./0.png
-48.357778,-24.031944,CAPÃO BONITO,CAPÃO BONITO,Não Informado,SP,Doméstico,CPBON,./0.png
-48.291111,-24.008611,CAPÃO BONITO,CAPÃO BONITO,Não Informado,SP,Doméstico,NÃO INFORMADA,./0.png
-48.241667,-23.8625,CAPÃO BONITO,CAPÃO BONITO,Não Informado,SP,Doméstico,NÃO INFORMADA,./0.png
-48.339444,-23.784722,ITAPETININGA,ITAPETININGA,Não Informado,SP,Doméstico,NÃO INFORMADA,./0.png
-48.282778,-23.570556,ITAPETININGA,ITAPETININGA,Não Informado,SP,Doméstico,NÃO INFORMADA,./0.png
-49.911389,-22.966111,OURINHOS,OURINHOS,Não Informado,SP,Doméstico,DAESP,./0.png
-50.187222,-22.023056,POMPEIA,POMPÉIA,Não Informado,SP,Doméstico,NÃO INFORMADA,./0.png
-50.020465,-22.204542,MARÍLIA,MARÍLIA,Não Informado,SP,Doméstico,NÃO INFORMADA,./0.png
-49.818056,-22.223333,VERA CRUZ,VERA CRUZ,Não Informado,SP,Doméstico,VCRUZ,./0.png
-49.766111,-22.947778,OURINHOS,OURINHOS,Não Informado,SP,Doméstico,NÃO INFORMADA,./0.png
-49.485556,-22.806667,MIRASSOL,SANTA CRUZ DO RIO PARDO,Não Informado,SP,Doméstico,SCRPD,./0.png
-49.655556,-22.183056,GARÇA,GARÇA,Não Informado,SP,Doméstico,GARCA,./0.png
-50.121111,-21.511944,PENAPOLIS,PENÁPOLIS,Não Informado,SP,Doméstico,NÃO INFORMADA,./0.png
-50.326389,-21.281389,BIRIGUI,BIRIGUI,Não Informado,SP,Doméstico,NÃO INFORMADA,./0.png
-50.031389,-21.409722,PENÁPOLISV,PENÁPOLIS,Não Informado,SP,Doméstico,DAESP,./0.png
-49.936389,-21.188889,JOSE BONIFÁCIO,JOSÉ BONIFÁCIO,Não Informado,SP,Doméstico,NÃO INFORMADA,./0.png
-49.844167,-21.126389,PALMARES PAULISTA,JOSÉ BONIFÁCIO,Não Informado,SP,Doméstico,NÃO INFORMADA,./0.png
-49.730556,-21.662222,LINS,LINS,Não Informado,SP,Doméstico,DAESP,./0.png
-49.410556,-22.005,PIRAJUI,PIRAJUÍ,Não Informado,SP,Doméstico,NÃO INFORMADA,./0.png
-49.7925,-21.263056,JOSE BONIFÁCIO,UBARANA,Não Informado,SP,Doméstico,NÃO INFORMADA,./0.png
-48.775833,-22.576111,LENÇOIS PAULISTA,LENÇÓIS PAULISTA,Não Informado,SP,Doméstico,LENPT,./0.png
-49.211667,-22.295,BAURU,BAURU,Não Informado,SP,Doméstico,NÃO INFORMADA,./0.png
-49.027756,-22.366334,BAURU,BAURU,Não Informado,SP,Doméstico,NÃO INFORMADA,./0.png
-48.575556,-22.695556,SÃO MANUEL,SÃO MANUEL,Não Informado,SP,Doméstico,DAESP,./0.png
-48.466944,-22.936111,BOTUCATU,BOTUCATU,Não Informado,SP,Doméstico,DAESP,./0.png
-48.523889,-22.483056,BARRA BONITA,BARRA BONITA,Não Informado,SP,Doméstico,NÃO INFORMADA,./0.png
-48.699413,-22.073249,BARIRI,BARIRI,Não Informado,SP,Doméstico,BARIR,./0.png
-48.603611,-22.275,JAÚ,JAÚ,Não Informado,SP,Doméstico,NÃO INFORMADA,./0.png
-48.482222,-22.181389,JAÚ,JAÚ,Não Informado,SP,Doméstico,NÃO INFORMADA,./0.png
-48.260278,-22.246111,BROTAS,BROTAS,Não Informado,SP,Doméstico,NÃO INFORMADA,./0.png
-48.319167,-22.130833,DOURADO,DOURADO,Não Informado,SP,Doméstico,NÃO INFORMADA,./0.png
-49.233889,-21.497222,NOVO HORIZONTE,NOVO HORIZONTE,Não Informado,SP,Doméstico,NVHOR,./0.png
-48.832222,-21.599167,ITAPOLIS,ITÁPOLIS,Não Informado,SP,Doméstico,ITAPO,./0.png
-48.658889,-21.878333,BOA ESPERANÇA DO SUL,IBITINGA,Não Informado,SP,Doméstico,NÃO INFORMADA,./0.png
-48.501389,-21.904722,BOA ESPERANÇA DO SUL,BOA ESPERANÇA DO SUL,Não Informado,SP,Doméstico,NÃO INFORMADA,./0.png
-48.295278,-21.853889,ARARAQUARA,ARARAQUARA,Não Informado,SP,Doméstico,NÃO INFORMADA,./0.png
-48.477778,-21.630556,MATÃO,MATÃO,Não Informado,SP,Doméstico,NÃO INFORMADA,./0.png
-48.393333,-21.628889,MATÃO,MATÃO,Não Informado,SP,Doméstico,NÃO INFORMADA,./0.png
-48.266111,-21.653056,ARARAQUARA,ARARAQUARA,Não Informado,SP,Doméstico,NÃO INFORMADA,./0.png
-48.351944,-21.6225,MATÃO,MATÃO,Não Informado,SP,Doméstico,MATAO,./0.png
-48.527222,-21.389167,TAQUARITINGA,TAQUARITINGA,Não Informado,SP,Doméstico,NÃO INFORMADA,./0.png
-48.529167,-21.260833,MONTE ALTO,MONTE ALTO,Não Informado,SP,Doméstico,MTALT,./0.png
-48.366667,-21.466667,SANTA ERNESTINA,SANTA ERNESTINA,Não Informado,SP,Doméstico,NÃO INFORMADA,./0.png
-48.328056,-21.411667,GUARIBA,GUARIBA,Não Informado,SP,Doméstico,NÃO INFORMADA,./0.png
-48.302778,-21.403889,GUARIBA,GUARIBA,Não Informado,SP,Doméstico,NÃO INFORMADA,./0.png
-48.316389,-21.331389,JABOTICABAL,JABOTICABAL,Não Informado,SP,Doméstico,NÃO INFORMADA,./0.png
-48.356111,-21.264167,JABOTICABAL,JABOTICABAL,Não Informado,SP,Doméstico,NÃO INFORMADA,./0.png
-48.284167,-21.229444,JABOTICABAL,JABOTICABAL,Não Informado,SP,Doméstico,JABOT,./0.png
-47.758333,-24.870833,ILHA COMPRIDA,ILHA COMPRIDA,Não Informado,SP,Doméstico,NÃO INFORMADA,./0.png
-47.844381,-24.486465,REGISTRO,REGISTRO,Não Informado,SP,Doméstico,DAESP,./0.png
-47.879444,-23.331389,TATUÍ,TATUÍ,Não Informado,SP,Doméstico,TATUI,./0.png
-47.933333,-23.306944,TATUÍ,TATUÍ,Não Informado,SP,Doméstico,NÃO INFORMADA,./0.png
-47.723889,-23.104167,TIETÊ,TIETÊ,Não Informado,SP,Doméstico,TIETE,./0.png
-47.561667,-23.691667,SALTO DE PIRAPORA,SALTO DE PIRAPORA,Não Informado,SP,Doméstico,NÃO INFORMADA,./0.png
-47.485833,-23.4825,SOROCABA,SOROCABA,Não Informado,SP,Doméstico,DAESP,./0.png
-47.691944,-23.298056,BOITUVA,BOITUVA,Não Informado,SP,Doméstico,NÃO INFORMADA,./0.png
-47.327222,-23.349167,ITU,ITU,Não Informado,SP,Doméstico,ITU,./0.png
-46.785,-24.164167,ITANHAÉM,ITANHAÉM,Não Informado,SP,Doméstico,DAESP,./0.png
-46.828889,-24.070556,ITANHAÉM,ITANHAÉM,Não Informado,SP,Doméstico,NÃO INFORMADA,./0.png
-46.943056,-23.181111,JUNDIAÍ,JUNDIAÍ,Não Informado,SP,Doméstico,DAESP,./0.png
-46.545079,-24.012706,PRAIA GRANDE,PRAIA GRANDE,Não Informado,SP,Doméstico,PRGRA,./0.png
-46.656086,-23.628645,SÃO PAULO / CONGONHAS,SÃO PAULO,SBSP,SP,Internacional,INFRAERO,./0.png
-46.299169,-23.927612,SANTOS,GUARUJÁ,Não Informado,SP,Doméstico,MNAER,./0.png
-46.635452,-23.509169,SÃO PAULO / MARTE,SÃO PAULO,SBMT,SP,Doméstico,INFRAERO,./0.png
-46.482311,-23.430602,SÃO PAULO / GUARULHOS,GUARULHOS,SBGR,SP,Internacional,INFRAERO,./0.png
-46.574167,-23.127222,ATIBAIA,ATIBAIA,Não Informado,SP,Doméstico,ATIBA,./0.png
-47.895556,-22.583056,SÃO PEDRO,SÃO PEDRO,Não Informado,SP,Doméstico,SPEDR,./0.png
-47.864167,-22.193611,ITIRAPINA,ITIRAPINA,Não Informado,SP,Doméstico,NÃO INFORMADA,./0.png
-47.713889,-22.156667,ANALANDIA,ANALÃNDIA,Não Informado,SP,Doméstico,NÃO INFORMADA,./0.png
-47.524444,-22.966389,CAPIVARI,CAPIVARI,Não Informado,SP,Doméstico,NÃO INFORMADA,./0.png
-47.618889,-22.71,PIRACICABA,PIRACICABA,Não Informado,SP,Doméstico,DAESP,./0.png
-47.411389,-22.603333,LIMEIRA,LIMEIRA,Não Informado,SP,Doméstico,LIMER,./0.png
-47.268056,-22.755278,AMERICANA,AMERICANA,Não Informado,SP,Doméstico,AMERI,./0.png
-47.701111,-22.439722,IPEUNA,IPEÚNA,Não Informado,SP,Doméstico,IPEUN,./0.png
-47.561944,-22.429722,RIO CLARO,RIO CLARO,Não Informado,SP,Doméstico,RCLAR,./0.png
-47.36,-22.335556,ARARAS,ARARAS,Não Informado,SP,Doméstico,ARARA,./0.png
-47.418889,-22.025833,PIRACUNUNGA,PIRASSUNUNGA,Não Informado,SP,Doméstico,PIRAS,./0.png
-47.2775,-22.151944,LEME,LEME,Não Informado,SP,Doméstico,NÃO INFORMADA,./0.png
-48.139722,-21.803889,ARARAQUARA,ARARAQUARA,Não Informado,SP,Doméstico,DAESP,./0.png
-48.021389,-21.945833,IBATÉ,IBATÉ,Não Informado,SP,Doméstico,IBATE,./0.png
-47.884167,-21.995556,SÃO CARLOS,SÃO CARLOS,Não Informado,SP,Doméstico,USP,./0.png
-47.902778,-21.875,SÃO CARLOS,SÃO CARLOS,Não Informado,SP,Doméstico,DAESP,./0.png
-47.883889,-21.780556,SÃO CARLOS,SÃO CARLOS,Não Informado,SP,Doméstico,NÃO INFORMADA,./0.png
-47.775556,-21.881389,SÃO CARLOS,DESCALVADO,Não Informado,SP,Doméstico,NÃO INFORMADA,./0.png
-48.170556,-21.327222,GUARIBA,GUARIBA,Não Informado,SP,Doméstico,NÃO INFORMADA,./0.png
-48.112778,-21.338611,PRADOPOLIS,PRADÓPOLIS,Não Informado,SP,Doméstico,NÃO INFORMADA,./0.png
-48.162778,-21.284167,JABOTICABAL,JABOTICABAL,Não Informado,SP,Doméstico,NÃO INFORMADA,./0.png
-48.065833,-21.130278,SERTAOZINHO,SERTÃOZINHO,Não Informado,SP,Doméstico,NÃO INFORMADA,./0.png
-47.920556,-21.202222,RIBEIRÃO PRETO,RIBEIRÃO PRETO,Não Informado,SP,Doméstico,NÃO INFORMADA,./0.png
-47.951667,-21.121389,SERTÃOZINHO,SERTÃOZINHO,Não Informado,SP,Doméstico,NÃO INFORMADA,./0.png
-47.770583,-21.139582,RIBEIRÃO PRETO,RIBEIRÃO PRETO,Não Informado,SP,Doméstico,NÃO INFORMADA,./0.png
-47.75,-21.1,JARDINOPOLIS,JARDINÓPOLIS,Não Informado,SP,Doméstico,NÃO INFORMADA,./0.png
-47.473333,-21.873889,PORTO FERREIRA,PORTO FERREIRA,Não Informado,SP,Doméstico,PTFER,./0.png
-47.343611,-21.983889,PIRACUNUNGA,PIRASSUNUNGA,Não Informado,SP,Doméstico,MNAER,./0.png
-47.630556,-21.468056,SÃO SIMAO,SÃO SIMÃO,Não Informado,SP,Doméstico,NÃO INFORMADA,./0.png
-47.024345,-22.88755,CAMPINAS / VIRACOPOS,CAMPINAS,SBKP,SP,Internacional,INFRAERO,./0.png
-46.979722,-22.440833,MOGI MIRIM,MOJI-MIRIM,Não Informado,SP,Doméstico,MGMIR,./0.png
-46.843056,-22.491944,ITAPIRA,ITAPIRA,Não Informado,SP,Doméstico,NÃO INFORMADA,./0.png
-46.750556,-22.182778,ESPIRITO SANTO DO PINHAL,ESPÍRITO SANTO DO PINHAL,Não Informado,SP,Doméstico,NÃO INFORMADA,./0.png
-46.6425,-23.006389,ATIBAIA,BRAGANÇA PAULISTA,Não Informado,SP,Doméstico,NÃO INFORMADA,./0.png
-46.536944,-22.978611,BRAGANÇA PAULISTA,BRAGANÇA PAULISTA,Não Informado,SP,Doméstico,DAESP,./0.png
-47.055,-21.7875,CASA BRANCA,CASA BRANCA,Não Informado,SP,Doméstico,CSBRA,./0.png
-46.955,-21.831667,VARGEM GRANDE DO SUL,VARGEM GRANDE DO SUL,Não Informado,SP,Doméstico,NÃO INFORMADA,./0.png
-47.033889,-21.495833,MOCOCA,MOCOCA,Não Informado,SP,Doméstico,MOCOC,./0.png
-46.839167,-22.016389,SÃO JOÃO DA BOA VISTA,SÃO JOÃO DA BOA VISTA,Não Informado,SP,Doméstico,SJBVT,./0.png
-46.891111,-21.610556,SÃO JOSE DO RIO PARDO,SÃO JOSÉ DO RIO PARDO,Não Informado,SP,Doméstico,SJRPD,./0.png
-46.753056,-21.417778,TAPIRATIBA,TAPIRATIBA,Não Informado,SP,Doméstico,NÃO INFORMADA,./0.png
-50.213333,-20.276111,FERNANDOPOLIS,FERNANDÓPOLIS,Não Informado,SP,Doméstico,FERNA,./0.png
-49.988056,-20.423333,VOTUPORANGA,VOTUPORANGA,Não Informado,SP,Doméstico,DAESP,./0.png
-49.404167,-20.815556,SÃO JOSE DO RIO PRETO,SÃO JOSÉ DO RIO PRETO,Não Informado,SP,Doméstico,DAESP,./0.png
-49.363856,-20.761032,SÃO JOSÉ DO RIO PRETO,SÃO JOSÉ DO RIO PRETO,Não Informado,SP,Doméstico,NÃO INFORMADA,./0.png
-48.910556,-20.754167,OLIMPIA,OLÍMPIA,Não Informado,SP,Doméstico,OLIMP,./0.png
-48.827778,-20.326111,COLOMBIA,COLÔMBIA,Não Informado,SP,Doméstico,NÃO INFORMADA,./0.png
-48.817222,-20.176111,COLOMBIA,COLÔMBIA,Não Informado,SP,Doméstico,NÃO INFORMADA,./0.png
-48.536111,-20.970278,BEBEDOURO,BEBEDOURO,Não Informado,SP,Doméstico,NÃO INFORMADA,./0.png
-48.595278,-20.585,BARRETOS,BARRETOS,Não Informado,SP,Doméstico,DAESP,./0.png
-48.480833,-20.896667,BEBEDOURO,BEBEDOURO,Não Informado,SP,Doméstico,BEBED,./0.png
-48.486111,-20.556389,BARRETOS,BARRETOS,Não Informado,SP,Doméstico,NÃO INFORMADA,./0.png
-48.566667,-20.4225,BARRETOS,BARRETOS,Não Informado,SP,Doméstico,NÃO INFORMADA,./0.png
-47.933056,-20.745,ORLÃNDIA,ORLÃNDIA,Não Informado,SP,Doméstico,NÃO INFORMADA,./0.png
-47.889167,-20.746667,ORLÃNDIA,ORLÃNDIA,Não Informado,SP,Doméstico,NÃO INFORMADA,./0.png
-47.873333,-20.766111,SALES DE OLIVEIRA,ORLÃNDIA,Não Informado,SP,Doméstico,NÃO INFORMADA,./0.png
-47.841667,-20.592778,SÃO JOAQUIM DA BARRA,SÃO JOAQUIM DA BARRA,Não Informado,SP,Doméstico,SJBAR,./0.png
-48.186111,-20.081111,GUAIRA,MIGUELÓPOLIS,Não Informado,SP,Doméstico,NÃO INFORMADA,./0.png
-47.768056,-20.374722,ITUVERAVA,ITUVERAVA,Não Informado,SP,Doméstico,ITUVE,./0.png
-47.585,-20.876667,BATATAIS,BATATAIS,Não Informado,SP,Doméstico,BATAT,./0.png
-47.378258,-20.541347,FRANCA,FRANCA,Não Informado,SP,Doméstico,NÃO INFORMADA,./0.png
-48.001846,-19.692158,AEROPORTO DE UBERABA,UBERABA,SBUR,MG,Doméstico,INFRAERO,./0.png
-48.206646,-18.909822,AEROPORTO DE UBERLÃNDIA,UBERLÃNDIA,SBUL,MG,Doméstico,INFRAERO,./0.png
-46.068889,-23.565,BIRITIBA MIRIM,BIRITIBA-MIRIM,Não Informado,SP,Doméstico,NÃO INFORMADA,./0.png
-45.846768,-23.148523,AEROPORTO DE SÃO  JOSÉ DOS CAMPOS,SÃO JOSÉ DOS CAMPOS,Não Informado,SP,Doméstico,INFRAERO,./0.png
-45.075556,-23.440833,UBATUBA,UBATUBA,Não Informado,SP,Doméstico,DAESP,./0.png
-45.774444,-23.042222,CAÇAPAVA,CAÇAPAVA,Não Informado,SP,Doméstico,NÃO INFORMADA,./0.png
-45.601667,-22.953889,TREMEMBÉ,TREMEMBÉ,Não Informado,SP,Doméstico,NÃO INFORMADA,./0.png
-45.493333,-22.891389,PINDAMONHANGABA,PINDAMONHANGABA,Não Informado,SP,Doméstico,NÃO INFORMADA,./0.png
-45.430833,-22.943056,PINDAMONHANGABA,PINDAMONHANGABA,Não Informado,SP,Doméstico,PINDA,./0.png
-45.349722,-22.889167,PINDAMONHANGABA,PINDAMONHANGABA,Não Informado,SP,Doméstico,NÃO INFORMADA,./0.png
-45.313889,-22.804167,GUARATINGUETÁ,POTIM,Não Informado,SP,Doméstico,NÃO INFORMADA,./0.png
-45.203889,-22.791111,GUARATINGUETÁ,GUARATINGUETÁ,Não Informado,SP,Doméstico,MNAER,./0.png
-45.41807,-21.558628,VARGINHA,VARGINHA,Não Informado,MG,Doméstico,NÃO INFORMADA,./0.png
-43.40749,-22.925438,AEROPORTO DE JACAREPAGUÁ,RIO DE JANEIRO,SBJR,RJ,Doméstico,INFRAERO,./0.png
-43.199618,-22.93107,AEROPORTO SANTOS DUMONT,RIO DE JANEIRO,SBRJ,RJ,Doméstico,INFRAERO,./0.png
-43.194806,-22.80819,AEROPORTO INTERNACIONAL DO RIO DE JANEIRO/GALEÃO,RIO DE JANEIRO,SBJL,RJ,Internacional,INFRAERO,./0.png
-43.398982,-21.67667,AEROPORTO DE JUIZ DE FORA,JUIZ DE FORA,Não Informado,MG,Doméstico,INFRAERO,./0.png
-42.514722,-22.273544,NOVA FRIBURGO,NOVA FRIBURGO,Não Informado,RJ,Doméstico,NÃO INFORMADA,./0.png
-42.69381,-21.860014,ALEM PARAIBA,ALEM PARAIBA,Não Informado,MG,Doméstico,NÃO INFORMADA,./0.png
-43.964,-19.961982,AEROPORTO CARLOS PRATES,BELO HORIZONTE,SNCH,MG,Doméstico,INFRAERO,./0.png
-43.931232,-19.952766,AEROPORTO DE BELO HORIZONTE,BELO HORIZONTE,SBBH,MG,Doméstico,INFRAERO,./0.png
-43.932768,-19.87955,AEROPORTO TANCREDO NEVES,LAGOA SANTA,SBCF,MG,Internacional,INFRAERO,./0.png
-43.905607,-19.627349,AEROPORTO TANCREDO NEVES,LAGOA SANTA,Não Informado,MG,Internacional,INFRAERO,./0.png
-42.55985,-19.49043,IPATINGA,SANTANA DO PARAISO,Não Informado,MG,Doméstico,NÃO INFORMADA,./0.png
-41.94545,-18.91187,GOVERNADOR VALADARES,GOVERNADOR VALADARES,Não Informado,MG,Doméstico,NÃO INFORMADA,./0.png
-41.785813,-22.360693,AEROPORTO DE MACAÉ,MACAÉ,SBME,RJ,Doméstico,INFRAERO,./0.png
-41.316602,-21.768332,AEROPORTO BARTOLOMEU LISANDRO,CAMPOS,SBCP,RJ,Doméstico,INFRAERO,./0.png
-40.330382,-20.305534,AEROPORTO DE VITÓRIA,VITÓRIA,SBVT,ES,Doméstico,INFRAERO,./0.png
-41.56676,-17.758846,TEOFILO OTONI,TEOFILO OTONI,Não Informado,MG,Doméstico,NÃO INFORMADA,./0.png
-39.285197,-17.696894,MUCURI,MUCURI,Não Informado,BA,Doméstico,NÃO INFORMADA,./0.png
-39.226317,-17.636478,CARAVELAS,CARAVELAS,Não Informado,BA,Doméstico,NÃO INFORMADA,./0.png
-49.276492,-16.64627,AEROPORTO DE GOIÃNIA,GOIÃNIA,SBGO,GO,Doméstico,INFRAERO,./0.png
-48.453007,-13.357694,MINACU,MINACU,Não Informado,GO,Doméstico,NÃO INFORMADA,./0.png
-47.922426,-15.871262,AEROPORTO INTERNACIONAL DE BRASÍLIA/PRESIDENTE JUS,BRASÍLIA,SBBR,DF,Internacional,INFRAERO,./0.png
-49.035822,-11.670142,GUARUPI,GURUPI,Não Informado,TO,Doméstico,NÃO INFORMADA,./0.png
-48.389673,-10.65992,PORTO NACIONAL,PORTO NACIONAL,Não Informado,TO,Doméstico,NÃO INFORMADA,./0.png
-50.112148,-9.333137,SANTANA DO ARAGUAIA,SANTANA DO ARAGUAIA,Não Informado,PA,Doméstico,NÃO INFORMADA,./0.png
-48.307753,-10.226768,AEROPORTO DE PALMAS,PALMAS,Não Informado,TO,Doméstico,INFRAERO,./0.png
-43.879655,-16.610942,AEROPORTO DE MONTES CLAROS,MONTES CLAROS,SBMK,MG,Doméstico,INFRAERO,./0.png
-43.341466,-13.193854,BOM JESUS DA LAPA,BOM JESUS DA LAPA,Não Informado,BA,Doméstico,NÃO INFORMADA,./0.png
-42.884762,-14.189182,GUANAMBI,GUANAMBI,Não Informado,BA,Doméstico,NÃO INFORMADA,./0.png
-44.943989,-12.118654,BARREIRAS,BARREIRAS,Não Informado,BA,Doméstico,NÃO INFORMADA,./0.png
-50.068423,-8.061054,REDENÇÃO,REDENÇÃO,Não Informado,PA,Doméstico,NÃO INFORMADA,./0.png
-49.314759,-8.214654,AEROPORTO DE CONCEIÇÃO DO ARAGUAIA,CONCEIÇÃO DO ARAGUAIA,Não Informado,PA,Doméstico,INFRAERO,./0.png
-49.413441,-6.790836,XINGUARA,XINGUARA,Não Informado,PA,Doméstico,NÃO INFORMADA,./0.png
-50.234048,-6.11375,AEROPORTO DE CARAJÁS,PARAUAPEBAS,SBCJ,PA,Doméstico,INFRAERO,./0.png
-49.10475,-5.343424,AEROPORTO DE MARABÁ,MARABÁ,SBMA,PA,Doméstico,INFRAERO,./0.png
-48.232192,-7.278206,ARAGUAINA,ARAGUAINA,Não Informado,TO,Doméstico,NÃO INFORMADA,./0.png
-47.432647,-5.382782,AEROPORTO DE IMPERATRIZ,IMPERATRIZ,SBIZ,MA,Doméstico,INFRAERO,./0.png
-48.504456,-1.348616,AEROPORTO INTERNACIONAL DE BELÉM,BELÉM,SBBE,PA,Internacional,INFRAERO,./0.png
-48.38444,-1.321377,AEROPORTO JÚLIO CÉSAR,BELÉM,SBJC,PA,Doméstico,INFRAERO,./0.png
-46.084216,-7.671422,BALSAS,BALSAS,Não Informado,MA,Doméstico,NÃO INFORMADA,./0.png
-44.471318,-5.289347,PRESIDENTE DUTRA,PRESIDENTE DUTRA,Não Informado,MA,Doméstico,NÃO INFORMADA,./0.png
-42.814166,-5.08275,AEROPORTO DE TERESINA,TERESINA,SBTE,PI,Doméstico,INFRAERO,./0.png
-44.415292,-2.378212,AEROPORTO DE ALCÃNTARA,ALCÃNTARA,Não Informado,MA,Doméstico,INFRAERO,./0.png
-44.295951,-2.537748,AEROPORTO MARECHAL CUNHA MACHADO,SÃO  LUIZ,SBSL,MA,Doméstico,INFRAERO,./0.png
-40.8403,-14.800509,VITÓRIA DA CONQUISTA,VITÓRIA DA CONQUISTA,Não Informado,BA,Doméstico,NÃO INFORMADA,./0.png
-39.066732,-16.401022,PORTO SEGURO,PORTO SEGURO,Não Informado,BA,Doméstico,NÃO INFORMADA,./0.png
-39.11486,-14.767741,AEROPORTO DE ILHÉUS,ILHÉUS,SBIL,BA,Doméstico,INFRAERO,./0.png
-38.505625,-13.001558,AEROPORTO INTERNACIONAL DEPUTADO LUÍS EDUARDO MAGA,SALVADOR,SBSV,BA,Internacional,INFRAERO,./0.png
-40.529501,-9.374484,AEROPORTO DE PETROLINA,PETROLINA,SBPL,PE,Doméstico,INFRAERO,./0.png
-38.368597,-9.29779,AEROPORTO DE PAULO AFONSO,PAULO AFONSO,SBUF,BA,Doméstico,INFRAERO,./0.png
-38.360405,-8.902526,PETROLANDIA,PETROLANDIA,Não Informado,PE,Doméstico,NÃO INFORMADA,./0.png
-37.056395,-10.914901,SANTA MARIA,ARACAJU,SBAR,SE,Doméstico,NÃO INFORMADA,./0.png
-35.722143,-9.664598,AEROPORTO CAMPO DOS PALMARES,MACEIO,SBMO,AL,Doméstico,INFRAERO,./0.png
-39.258214,-7.20243,AEROPORTO DE JUAZEIRO DO NORTE,JUAZEIRO DO NORTE,Não Informado,CE,Doméstico,INFRAERO,./0.png
-41.794622,-2.902142,PARNAIBA,PARNAIBA,Não Informado,PI,Doméstico,NÃO INFORMADA,./0.png
-38.551146,-3.721342,AEROPORTO INTERNACIONAL PINTO MARTINS,FORTALEZA,SBFZ,CE,Internacional,INFRAERO,./0.png
-35.88276,-7.217534,AEROPORTO PRESIDENTE JOÃO SUASSUNA,CAMPINA GRANDE,SBKG,PB,Doméstico,INFRAERO,./0.png
-34.869478,-8.051208,AEROPORTO INTERNACIONAL DE GUARARAPES,RECIFE,SBRF,PE,Internacional,INFRAERO,./0.png
-34.943307,-7.133117,AEROPORTO PRESIDENTE CASTRO PINTO,BAYEUX,Não Informado,PB,Doméstico,INFRAERO,./0.png
-35.25514,-5.903179,AEROPORTO INTERNACIONAL AUGUSTO SEVERO,PARNAMIRIM,Não Informado,RN,Internacional,INFRAERO,./0.png
-60.672704,2.849942,AEROPORTO INTERNACIONAL DE BOA VISTA,BOA VISTA,SBBV,RR,Internacional,INFRAERO,./0.png
-51.022685,0.071919,AEROPORTO INTERNACIONAL DE MACAPÁ,MACAPÁ,SBMQ,AP,Internacional,INFRAERO,./0.png
-51.735586,3.881052,OIAPOQUE,OIAPOQUE,Não Informado,AP,Doméstico,NÃO INFORMADA,./0.png
